fit_time,score_time,test_score,train_score
0.04953193664550781,0.01707911491394043,0.5,0.5
0.04650592803955078,0.016273021697998047,0.5,0.5
0.047239065170288086,0.017191171646118164,0.5,0.5
0.04629826545715332,0.016721725463867188,0.5,0.5
0.04705405235290527,0.018270015716552734,0.5,0.5
