fit_time,score_time,test_score,train_score
0.05539202690124512,0.0187990665435791,0.5,0.5
0.05263996124267578,0.020321130752563477,0.5,0.5
0.052088022232055664,0.017503976821899414,0.5,0.5
0.05426526069641113,0.020392894744873047,0.5,0.5
0.05515313148498535,0.018965959548950195,0.5,0.5
