,ID,LIMIT_BAL,SEX,EDUCATION,MARRIAGE,AGE,PAY_0,PAY_2,PAY_3,PAY_4,PAY_5,PAY_6,BILL_AMT1,BILL_AMT2,BILL_AMT3,BILL_AMT4,BILL_AMT5,BILL_AMT6,PAY_AMT1,PAY_AMT2,PAY_AMT3,PAY_AMT4,PAY_AMT5,PAY_AMT6,default_payment
mean,14976.622416666667,166849.32,1.6046666666666667,1.853375,1.5550416666666667,35.419625,-0.013916666666666667,-0.13391666666666666,-0.16483333333333333,-0.2165,-0.26275,-0.29158333333333336,51069.80191666666,49050.718791666666,46870.75116666667,43104.474416666664,40229.07545833333,38779.374,5616.939125,5887.6824166666665,5167.8795,4829.719291666666,4737.680583333334,5215.202875,0.223625
std,8653.23089616744,129755.43865113484,0.4889323567811997,0.7868091068139973,0.522476591984532,9.184609667081977,1.1263995111488354,1.204523465768948,1.2035255122450312,1.1736773321218503,1.1393418531448014,1.1523676313083104,73745.22302699501,71162.25283481395,69436.38862182146,63907.8190824449,60576.642313726676,59440.281496462674,16379.132646193326,23028.079953513392,17554.292672943702,16048.880578620447,15344.499101045969,18288.99541610397,0.416682245496779
min,1.0,10000.0,1.0,0.0,0.0,21.0,-2.0,-2.0,-2.0,-2.0,-2.0,-2.0,-154973.0,-69777.0,-157264.0,-170000.0,-81334.0,-339603.0,0.0,0.0,0.0,0.0,0.0,0.0,0.0
max,30000.0,1000000.0,2.0,6.0,3.0,75.0,8.0,8.0,8.0,8.0,8.0,8.0,964511.0,983931.0,1664089.0,891586.0,927171.0,961664.0,873552.0,1684259.0,896040.0,621000.0,426529.0,528666.0,1.0
